dataset_id,source_row,recorded_at,fire_alarm,predicted_fire_alarm,model_score_alarm_uncalibrated,correct
smoke-detection-iot-300-v1,43422,2022-06-09T13:02:51+00:00,True,True,0.9812062384952048,True
smoke-detection-iot-300-v1,43460,2022-06-09T13:03:29+00:00,True,True,1.0,True
smoke-detection-iot-300-v1,43496,2022-06-09T13:04:05+00:00,True,True,0.9707134335450868,True
smoke-detection-iot-300-v1,44621,2022-06-09T13:22:50+00:00,True,True,0.9840724301024892,True
smoke-detection-iot-300-v1,44643,2022-06-09T13:23:12+00:00,True,True,0.95291108274321,True
smoke-detection-iot-300-v1,44657,2022-06-09T13:23:26+00:00,True,True,0.9872666100274802,True
smoke-detection-iot-300-v1,45174,2022-06-09T13:32:03+00:00,True,True,0.8657885997385036,True
smoke-detection-iot-300-v1,45220,2022-06-09T13:32:49+00:00,True,True,0.987244617961904,True
smoke-detection-iot-300-v1,45260,2022-06-09T13:33:29+00:00,True,True,0.9940405598383305,True
smoke-detection-iot-300-v1,45731,2022-06-09T13:41:20+00:00,True,True,0.9921349405425492,True
smoke-detection-iot-300-v1,45824,2022-06-09T13:42:53+00:00,True,True,0.9631093269249464,True
smoke-detection-iot-300-v1,45858,2022-06-09T13:43:27+00:00,True,True,0.9968678688334248,True
smoke-detection-iot-300-v1,46318,2022-06-09T13:51:07+00:00,True,True,0.9804148821947704,True
smoke-detection-iot-300-v1,46658,2022-06-09T13:56:47+00:00,True,True,0.9748280782565732,True
smoke-detection-iot-300-v1,46681,2022-06-09T13:57:10+00:00,True,True,0.9587039303301053,True
smoke-detection-iot-300-v1,46836,2022-06-09T13:59:45+00:00,True,True,0.9776658122795417,True
smoke-detection-iot-300-v1,47053,2022-06-09T14:03:22+00:00,True,True,0.9911968742665545,True
smoke-detection-iot-300-v1,47924,2022-06-09T14:17:53+00:00,True,True,0.9795581938024676,True
smoke-detection-iot-300-v1,48015,2022-06-09T14:19:24+00:00,True,True,0.9938911473784149,True
smoke-detection-iot-300-v1,48038,2022-06-09T14:19:47+00:00,True,True,0.9813717818363473,True
smoke-detection-iot-300-v1,48084,2022-06-09T14:20:33+00:00,True,True,0.9955764360190108,True
smoke-detection-iot-300-v1,48271,2022-06-09T14:23:40+00:00,True,True,0.9838244670141414,True
smoke-detection-iot-300-v1,48574,2022-06-09T14:28:43+00:00,True,True,0.9938911473784149,True
smoke-detection-iot-300-v1,48611,2022-06-09T14:29:20+00:00,True,True,0.9896209482293146,True
smoke-detection-iot-300-v1,49022,2022-06-09T14:36:11+00:00,True,True,0.961790452592575,True
smoke-detection-iot-300-v1,49265,2022-06-09T14:40:14+00:00,True,True,0.9729478502513517,True
smoke-detection-iot-300-v1,49385,2022-06-09T14:42:14+00:00,True,True,0.9571533193488068,True
smoke-detection-iot-300-v1,49633,2022-06-09T14:46:22+00:00,True,True,0.9954682738758827,True
smoke-detection-iot-300-v1,50414,2022-06-10T23:23:51+00:00,True,False,0.2560169630556559,False
smoke-detection-iot-300-v1,50420,2022-06-10T23:23:57+00:00,True,False,0.2560169630556559,False
smoke-detection-iot-300-v1,50750,2022-06-10T23:29:27+00:00,True,False,0.02103587976325579,False
smoke-detection-iot-300-v1,51080,2022-06-10T23:34:57+00:00,True,False,0.03601221136562631,False
smoke-detection-iot-300-v1,51135,2022-06-10T23:35:52+00:00,True,False,0.016970562654996413,False
smoke-detection-iot-300-v1,57318,2022-06-13T12:52:20+00:00,False,False,0.11653170675995468,True
smoke-detection-iot-300-v1,58013,2022-06-13T13:03:55+00:00,False,False,0.2568063992759007,True
smoke-detection-iot-300-v1,58048,2022-06-13T13:04:30+00:00,False,False,0.34410578418256177,True
smoke-detection-iot-300-v1,58260,2022-06-13T13:08:02+00:00,False,False,0.24797273183056276,True
smoke-detection-iot-300-v1,58420,2022-06-13T13:10:42+00:00,False,False,0.32196990251590357,True
smoke-detection-iot-300-v1,58563,2022-06-13T13:13:05+00:00,False,False,0.25553230730881993,True
smoke-detection-iot-300-v1,58650,2022-06-13T13:14:32+00:00,False,False,0.2652478225836364,True
smoke-detection-iot-300-v1,58882,2022-06-13T13:18:24+00:00,False,False,0.35633043900510813,True
smoke-detection-iot-300-v1,59162,2022-06-13T13:23:04+00:00,False,False,0.26025640208900425,True
smoke-detection-iot-300-v1,59435,2022-06-13T13:27:37+00:00,False,False,0.17943396836435158,True
smoke-detection-iot-300-v1,59517,2022-06-13T13:28:59+00:00,False,False,0.23668453704176712,True
smoke-detection-iot-300-v1,59930,2022-06-13T13:35:52+00:00,False,False,0.20147814275228146,True
smoke-detection-iot-300-v1,59937,2022-06-13T13:35:59+00:00,False,False,0.17698759730223437,True
smoke-detection-iot-300-v1,60261,2022-06-13T13:41:23+00:00,False,False,0.4344520735711266,True
smoke-detection-iot-300-v1,60652,2022-06-13T13:47:54+00:00,False,False,0.21260730771678002,True
smoke-detection-iot-300-v1,60931,2022-06-13T13:52:33+00:00,False,True,0.5105565804842931,False
smoke-detection-iot-300-v1,61394,2022-06-13T14:00:16+00:00,False,False,0.24340421770202905,True
smoke-detection-iot-300-v1,61397,2022-06-13T14:00:19+00:00,False,False,0.24966020019466637,True
smoke-detection-iot-300-v1,61487,2022-06-13T14:01:49+00:00,False,False,0.24398207722803078,True
smoke-detection-iot-300-v1,61658,2022-06-13T14:04:40+00:00,False,False,0.12879314384072915,True
smoke-detection-iot-300-v1,61721,2022-06-13T14:05:43+00:00,False,False,0.3732675477641366,True
smoke-detection-iot-300-v1,61748,2022-06-13T14:06:10+00:00,False,False,0.32162605199184974,True
smoke-detection-iot-300-v1,61755,2022-06-13T14:06:17+00:00,False,False,0.32162605199184974,True
smoke-detection-iot-300-v1,61935,2022-06-13T14:09:17+00:00,False,False,0.32162605199184974,True
smoke-detection-iot-300-v1,62133,2022-06-13T14:12:35+00:00,False,False,0.32162605199184974,True
smoke-detection-iot-300-v1,62263,2022-06-13T14:14:45+00:00,False,False,0.4009477343020645,True
smoke-detection-iot-300-v1,62500,2022-06-13T14:18:42+00:00,False,False,0.4108894426256727,True
