temp,smoke,humidity,wind,last_comm_min,label
38.6,72,31,21,2,critical
33.2,48,42,17,4,watch
34.8,55,36,16,6,watch
30.4,29,58,12,3,normal
29.7,25,61,9,2,normal
35.1,51,34,19,9,watch
28.9,19,64,8,5,normal
31.6,33,49,13,12,normal
40.2,78,28,24,1,critical
36.5,60,33,20,3,critical
32.0,45,40,15,4,watch
27.5,18,66,7,6,normal
39.1,70,30,22,2,critical
34.0,52,37,18,5,watch
31.2,35,50,11,8,normal
37.8,66,32,19,3,critical
29.0,22,62,10,4,normal
33.8,49,39,16,7,watch
41.0,80,27,25,1,critical
30.8,28,57,12,5,normal
