source_row,utc_seconds,temperature_c,humidity_pct,tvoc_ppb,eco2_ppm,raw_h2,raw_ethanol,pressure_hpa,pm1_0,pm2_5,nc0_5,nc1_0,nc2_5,cnt,fire_alarm,recorded_at,dataset_id
201,1654733532,22.623,50.05,44,444,12574,19638,939.811,0.5,1.13,1.89,1.267,0.606,201,False,2022-06-09T00:12:12+00:00,smoke-detection-iot-300-v1
457,1654733788,25.039,57.22,0,400,12759,19771,939.833,0.28,0.32,1.8,0.342,0.044,457,False,2022-06-09T00:16:28+00:00,smoke-detection-iot-300-v1
484,1654733815,25.237,49.44,27,400,12759,19763,939.826,0.18,0.19,1.26,0.197,0.004,484,False,2022-06-09T00:16:55+00:00,smoke-detection-iot-300-v1
892,1654734223,27.005,52.58,27,400,12993,19906,939.756,0.15,0.15,1.01,0.158,0.004,892,False,2022-06-09T00:23:43+00:00,smoke-detection-iot-300-v1
949,1654734280,27.081,52.96,31,400,13006,19907,939.745,0.21,0.21,1.42,0.222,0.005,949,False,2022-06-09T00:24:40+00:00,smoke-detection-iot-300-v1
1018,1654734349,27.122,56.25,11,400,13030,19935,939.757,0.24,0.25,1.68,0.262,0.006,1018,False,2022-06-09T00:25:49+00:00,smoke-detection-iot-300-v1
1075,1654734406,27.114,56.48,8,400,13046,19942,939.805,0.32,0.34,2.23,0.348,0.008,1075,False,2022-06-09T00:26:46+00:00,smoke-detection-iot-300-v1
1162,1654734493,27.031,49.3,22,400,13056,19941,939.783,0.4,0.41,2.73,0.425,0.01,1162,False,2022-06-09T00:28:13+00:00,smoke-detection-iot-300-v1
1371,1654734702,26.504,50.04,0,400,13103,20002,939.708,0.35,0.37,2.43,0.379,0.009,1371,False,2022-06-09T00:31:42+00:00,smoke-detection-iot-300-v1
1846,1654735177,23.805,47.98,57,400,13126,20002,939.599,0.56,0.58,3.87,0.604,0.014,1846,False,2022-06-09T00:39:37+00:00,smoke-detection-iot-300-v1
1888,1654735219,23.479,52.54,49,400,13129,20005,939.621,0.79,0.82,5.42,0.845,0.019,1888,False,2022-06-09T00:40:19+00:00,smoke-detection-iot-300-v1
1956,1654735287,22.927,48.9,45,400,13134,20008,939.576,0.67,0.69,4.6,0.717,0.016,1956,False,2022-06-09T00:41:27+00:00,smoke-detection-iot-300-v1
2015,1654735346,22.423,48.69,50,400,13133,20003,939.624,0.73,0.76,5.0,0.78,0.018,2015,False,2022-06-09T00:42:26+00:00,smoke-detection-iot-300-v1
2038,1654735369,22.22,49.96,68,400,13117,19989,939.644,0.91,0.94,6.24,0.973,0.022,2038,False,2022-06-09T00:42:49+00:00,smoke-detection-iot-300-v1
2197,1654735528,20.733,48.01,0,400,13191,20119,939.624,0.93,0.96,6.37,0.994,0.022,2197,False,2022-06-09T00:45:28+00:00,smoke-detection-iot-300-v1
2437,1654735768,18.24,47.5,34,400,13205,20121,939.62,1.1,1.15,7.59,1.184,0.027,2437,False,2022-06-09T00:49:28+00:00,smoke-detection-iot-300-v1
2461,1654735792,17.977,53.0,0,400,13220,20154,939.633,1.29,1.34,8.89,1.387,0.031,2461,False,2022-06-09T00:49:52+00:00,smoke-detection-iot-300-v1
2666,1654735997,15.641,47.36,82,400,13198,20107,939.655,1.01,1.05,6.96,1.085,0.024,2666,False,2022-06-09T00:53:17+00:00,smoke-detection-iot-300-v1
2734,1654736065,14.838,46.13,88,400,13187,20075,939.623,0.99,1.03,6.8,1.061,0.024,2734,False,2022-06-09T00:54:25+00:00,smoke-detection-iot-300-v1
3113,1654736444,10.193,51.24,171,400,13148,19998,939.664,0.74,0.77,5.12,0.798,0.018,3113,False,2022-06-09T01:00:44+00:00,smoke-detection-iot-300-v1
3871,1654737202,0.973,46.43,168,400,13214,20045,939.668,2.02,2.1,13.9,2.167,0.049,3871,True,2022-06-09T01:13:22+00:00,smoke-detection-iot-300-v1
4439,1654737770,-4.742,54.19,90,400,13230,20126,939.656,2.39,2.49,16.48,2.57,0.058,4439,True,2022-06-09T01:22:50+00:00,smoke-detection-iot-300-v1
4441,1654737772,-4.759,54.27,85,400,13236,20126,939.667,2.33,2.42,16.04,2.501,0.056,4441,True,2022-06-09T01:22:52+00:00,smoke-detection-iot-300-v1
4484,1654737815,-5.117,52.7,57,400,13251,20153,939.652,1.93,2.01,13.31,2.076,0.047,4484,True,2022-06-09T01:23:35+00:00,smoke-detection-iot-300-v1
4871,1654738202,-7.734,50.17,23,400,13256,20198,939.696,2.36,2.45,16.25,2.533,0.057,4871,True,2022-06-09T01:30:02+00:00,smoke-detection-iot-300-v1
4948,1654738279,-8.107,48.34,44,400,13243,20178,939.691,2.19,2.27,15.05,2.347,0.053,4948,True,2022-06-09T01:31:19+00:00,smoke-detection-iot-300-v1
4992,1654738323,-8.296,49.76,44,400,13241,20170,939.686,2.08,2.16,14.28,2.227,0.05,4992,True,2022-06-09T01:32:03+00:00,smoke-detection-iot-300-v1
4999,1654738330,-8.325,48.73,48,400,13236,20177,939.685,2.47,2.57,17.03,2.655,0.06,4999,True,2022-06-09T01:32:10+00:00,smoke-detection-iot-300-v1
5263,1654738594,-9.075,53.6,10,400,13259,20215,939.698,2.91,3.03,20.04,3.125,0.071,5263,True,2022-06-09T01:36:34+00:00,smoke-detection-iot-300-v1
5337,1654738668,-9.181,55.0,17,400,13259,20216,939.707,2.28,2.37,15.72,2.452,0.055,5337,True,2022-06-09T01:37:48+00:00,smoke-detection-iot-300-v1
5533,1654738864,-9.273,49.85,12,400,13264,20250,939.747,2.61,2.71,17.94,2.798,0.063,5533,True,2022-06-09T01:41:04+00:00,smoke-detection-iot-300-v1
5873,1654739204,-8.883,55.78,36,400,13246,20233,939.637,2.31,2.39,15.87,2.474,0.056,5873,True,2022-06-09T01:46:44+00:00,smoke-detection-iot-300-v1
5974,1654739305,-8.661,51.64,131,400,13198,20142,939.695,2.01,2.09,13.83,2.157,0.049,5974,True,2022-06-09T01:48:25+00:00,smoke-detection-iot-300-v1
6484,1654739815,-7.091,52.57,175,400,13164,20079,939.647,0.71,0.74,4.9,0.764,0.017,6484,True,2022-06-09T01:56:55+00:00,smoke-detection-iot-300-v1
6849,1654740180,-5.814,51.26,214,400,13147,20045,939.599,0.46,0.48,3.19,0.497,0.011,6849,True,2022-06-09T02:03:00+00:00,smoke-detection-iot-300-v1
7166,1654740497,-4.855,49.62,250,400,13133,20021,939.522,0.46,0.48,3.17,0.494,0.011,7166,True,2022-06-09T02:08:17+00:00,smoke-detection-iot-300-v1
7518,1654740849,-4.194,52.77,279,400,13117,19978,939.484,0.57,0.59,3.93,0.613,0.014,7518,True,2022-06-09T02:14:09+00:00,smoke-detection-iot-300-v1
7553,1654740884,-4.161,51.39,267,400,13131,19999,939.475,0.41,0.42,2.81,0.439,0.01,7553,True,2022-06-09T02:14:44+00:00,smoke-detection-iot-300-v1
7581,1654740912,-4.138,55.25,281,400,13119,19984,939.47,0.28,0.29,1.92,0.299,0.007,7581,True,2022-06-09T02:15:12+00:00,smoke-detection-iot-300-v1
7673,1654741004,-4.091,49.9,279,400,13120,19986,939.436,0.45,0.47,3.12,0.486,0.011,7673,True,2022-06-09T02:16:44+00:00,smoke-detection-iot-300-v1
7682,1654741013,-4.089,53.16,296,400,13112,19963,939.451,0.4,0.42,2.78,0.433,0.01,7682,True,2022-06-09T02:16:53+00:00,smoke-detection-iot-300-v1
7711,1654741042,-4.083,52.14,284,400,13124,19991,939.456,0.39,0.41,2.69,0.419,0.009,7711,True,2022-06-09T02:17:22+00:00,smoke-detection-iot-300-v1
8130,1654741461,-4.31,55.43,315,400,13107,19939,939.375,0.31,0.32,2.11,0.329,0.007,8130,True,2022-06-09T02:24:21+00:00,smoke-detection-iot-300-v1
8138,1654741469,-4.318,56.41,317,400,13102,19946,939.394,0.19,0.2,1.31,0.204,0.005,8138,True,2022-06-09T02:24:29+00:00,smoke-detection-iot-300-v1
8385,1654741716,-4.618,51.92,321,400,13108,19942,939.358,0.23,0.24,1.6,0.25,0.006,8385,True,2022-06-09T02:28:36+00:00,smoke-detection-iot-300-v1
8450,1654741781,-4.703,50.6,313,400,13099,19940,939.338,0.28,0.29,1.91,0.297,0.007,8450,True,2022-06-09T02:29:41+00:00,smoke-detection-iot-300-v1
8479,1654741810,-4.74,56.67,334,400,13098,19931,939.325,0.21,0.22,1.45,0.227,0.005,8479,True,2022-06-09T02:30:10+00:00,smoke-detection-iot-300-v1
8839,1654742170,-5.137,50.92,348,400,13074,19917,939.27,0.25,0.26,1.72,0.269,0.006,8839,True,2022-06-09T02:36:10+00:00,smoke-detection-iot-300-v1
8876,1654742207,-5.164,57.85,333,400,13078,19921,939.277,0.55,0.57,3.77,0.587,0.013,8876,True,2022-06-09T02:36:47+00:00,smoke-detection-iot-300-v1
9233,1654742564,-5.198,61.62,544,645,12816,19715,939.243,2.62,2.72,18.05,2.815,0.064,9233,True,2022-06-09T02:42:44+00:00,smoke-detection-iot-300-v1
9363,1654742694,-5.074,64.44,622,554,12866,19637,939.229,2.29,2.38,15.77,2.459,0.056,9363,True,2022-06-09T02:44:54+00:00,smoke-detection-iot-300-v1
9498,1654742829,-4.848,64.25,647,682,12788,19607,939.148,2.41,2.5,16.56,2.582,0.058,9498,True,2022-06-09T02:47:09+00:00,smoke-detection-iot-300-v1
9846,1654743177,-3.705,57.34,795,943,12653,19528,939.132,2.25,2.34,15.5,2.418,0.055,9846,True,2022-06-09T02:52:57+00:00,smoke-detection-iot-300-v1
10087,1654743418,-2.342,56.78,858,724,12772,19507,939.165,2.24,2.33,15.43,2.406,0.054,10087,True,2022-06-09T02:56:58+00:00,smoke-detection-iot-300-v1
10325,1654743656,-0.522,55.69,898,689,12786,19508,939.091,2.57,2.67,17.67,2.755,0.062,10325,True,2022-06-09T03:00:56+00:00,smoke-detection-iot-300-v1
10370,1654743701,-0.133,51.12,954,705,12776,19490,939.093,2.61,2.71,17.97,2.802,0.063,10370,True,2022-06-09T03:01:41+00:00,smoke-detection-iot-300-v1
10737,1654744068,3.446,53.39,1000,665,12785,19481,939.1,2.36,2.46,16.27,2.538,0.057,10737,True,2022-06-09T03:07:48+00:00,smoke-detection-iot-300-v1
10820,1654744151,4.331,52.33,942,646,12799,19496,939.064,2.14,2.22,14.71,2.294,0.052,10820,True,2022-06-09T03:09:11+00:00,smoke-detection-iot-300-v1
10985,1654744316,6.141,53.82,1053,671,12788,19461,939.082,2.08,2.16,14.29,2.229,0.05,10985,True,2022-06-09T03:11:56+00:00,smoke-detection-iot-300-v1
11307,1654744638,9.746,48.0,979,629,12805,19488,939.077,1.89,1.97,13.02,2.03,0.046,11307,True,2022-06-09T03:17:18+00:00,smoke-detection-iot-300-v1
12029,1654745360,16.991,47.04,1042,586,12823,19462,939.011,1.99,2.07,13.7,2.136,0.048,12029,True,2022-06-09T03:29:20+00:00,smoke-detection-iot-300-v1
12200,1654745531,18.292,47.32,1067,573,12827,19469,939.005,2.64,2.74,18.17,2.833,0.064,12200,True,2022-06-09T03:32:11+00:00,smoke-detection-iot-300-v1
12392,1654745723,19.465,47.58,1208,605,12806,19421,938.982,1.98,2.06,13.64,2.126,0.048,12392,True,2022-06-09T03:35:23+00:00,smoke-detection-iot-300-v1
12416,1654745747,19.587,53.21,1065,570,12831,19469,938.993,2.34,2.43,16.07,2.506,0.057,12416,True,2022-06-09T03:35:47+00:00,smoke-detection-iot-300-v1
12469,1654745800,19.838,52.74,1117,571,12827,19455,938.998,2.35,2.44,16.14,2.517,0.057,12469,True,2022-06-09T03:36:40+00:00,smoke-detection-iot-300-v1
12501,1654745832,19.975,47.17,1086,574,12829,19460,938.974,1.9,1.98,13.1,2.042,0.046,12501,True,2022-06-09T03:37:12+00:00,smoke-detection-iot-300-v1
12736,1654746067,20.664,47.63,1082,550,12836,19461,938.954,2.04,2.12,14.01,2.185,0.049,12736,True,2022-06-09T03:41:07+00:00,smoke-detection-iot-300-v1
13188,1654746519,20.644,52.63,1141,534,12843,19453,938.889,1.83,1.9,12.62,1.968,0.044,13188,True,2022-06-09T03:48:39+00:00,smoke-detection-iot-300-v1
13218,1654746549,20.59,47.42,1172,542,12840,19452,938.878,2.13,2.21,14.64,2.282,0.052,13218,True,2022-06-09T03:49:09+00:00,smoke-detection-iot-300-v1
13603,1654746934,19.469,52.22,1159,521,12841,19446,938.872,1.8,1.87,12.4,1.933,0.044,13603,True,2022-06-09T03:55:34+00:00,smoke-detection-iot-300-v1
13941,1654747272,18.006,47.27,1073,479,12855,19455,938.939,2.01,2.08,13.8,2.153,0.049,13941,True,2022-06-09T04:01:12+00:00,smoke-detection-iot-300-v1
14193,1654747524,16.77,48.52,1145,495,12846,19450,938.901,1.62,1.68,11.12,1.734,0.039,14193,True,2022-06-09T04:05:24+00:00,smoke-detection-iot-300-v1
14333,1654747664,16.071,53.14,1145,483,12855,19447,938.905,2.02,2.1,13.91,2.169,0.049,14333,True,2022-06-09T04:07:44+00:00,smoke-detection-iot-300-v1
14507,1654747838,15.22,52.67,1143,470,12865,19452,938.904,1.83,1.9,12.62,1.967,0.044,14507,True,2022-06-09T04:10:38+00:00,smoke-detection-iot-300-v1
14812,1654748143,13.872,53.16,1107,452,12867,19456,938.858,1.55,1.61,10.69,1.667,0.038,14812,True,2022-06-09T04:15:43+00:00,smoke-detection-iot-300-v1
14900,1654748231,13.536,47.47,1080,454,12863,19455,938.812,1.77,1.84,12.18,1.899,0.043,14900,True,2022-06-09T04:17:11+00:00,smoke-detection-iot-300-v1
15926,1654749257,12.035,47.34,1145,410,12879,19448,938.76,1.71,1.78,11.79,1.838,0.042,15926,True,2022-06-09T04:34:17+00:00,smoke-detection-iot-300-v1
16225,1654749556,12.333,47.39,1141,422,12881,19448,938.761,2.1,2.18,14.45,2.253,0.051,16225,True,2022-06-09T04:39:16+00:00,smoke-detection-iot-300-v1
16786,1654750117,13.582,52.97,1195,420,12891,19452,938.76,1.78,1.85,12.25,1.911,0.043,16786,True,2022-06-09T04:48:37+00:00,smoke-detection-iot-300-v1
17016,1654750347,14.309,50.81,1124,400,12893,19442,938.795,2.02,2.1,13.9,2.167,0.049,17016,True,2022-06-09T04:52:27+00:00,smoke-detection-iot-300-v1
17204,1654750535,14.979,52.74,1172,407,12891,19427,938.768,1.46,1.51,10.03,1.563,0.035,17204,True,2022-06-09T04:55:35+00:00,smoke-detection-iot-300-v1
17268,1654750599,15.221,53.14,1164,401,12898,19440,938.8,1.46,1.52,10.08,1.572,0.035,17268,True,2022-06-09T04:56:39+00:00,smoke-detection-iot-300-v1
17417,1654750748,15.808,47.9,1153,407,12905,19443,938.756,1.44,1.49,9.9,1.543,0.035,17417,True,2022-06-09T04:59:08+00:00,smoke-detection-iot-300-v1
17418,1654750749,15.812,47.88,1132,400,12910,19447,938.75,1.47,1.53,10.15,1.582,0.036,17418,True,2022-06-09T04:59:09+00:00,smoke-detection-iot-300-v1
17698,1654751029,16.988,53.81,1134,402,12905,19440,938.718,1.51,1.56,10.36,1.615,0.036,17698,True,2022-06-09T05:03:49+00:00,smoke-detection-iot-300-v1
17704,1654751035,17.014,51.38,1090,400,12919,19457,938.712,1.8,1.87,12.4,1.933,0.044,17704,True,2022-06-09T05:03:55+00:00,smoke-detection-iot-300-v1
17947,1654751278,18.05,49.71,1124,400,12912,19450,938.699,1.55,1.61,10.7,1.668,0.038,17947,True,2022-06-09T05:07:58+00:00,smoke-detection-iot-300-v1
18049,1654751380,18.469,53.27,1149,402,12910,19441,938.692,1.9,1.97,13.05,2.036,0.046,18049,True,2022-06-09T05:09:40+00:00,smoke-detection-iot-300-v1
18093,1654751424,18.645,48.89,1210,419,12898,19426,938.703,1.58,1.64,10.9,1.699,0.038,18093,True,2022-06-09T05:10:24+00:00,smoke-detection-iot-300-v1
18154,1654751485,18.882,49.65,1247,424,12897,19421,938.697,1.99,2.07,13.69,2.134,0.048,18154,True,2022-06-09T05:11:25+00:00,smoke-detection-iot-300-v1
18326,1654751657,19.503,47.45,1174,412,12909,19433,938.715,1.64,1.7,11.29,1.76,0.04,18326,True,2022-06-09T05:14:17+00:00,smoke-detection-iot-300-v1
18590,1654751921,20.267,53.36,1224,418,12907,19415,938.73,1.69,1.76,11.64,1.815,0.041,18590,True,2022-06-09T05:18:41+00:00,smoke-detection-iot-300-v1
18644,1654751975,20.388,52.8,1210,413,12910,19423,938.727,1.46,1.52,10.06,1.569,0.035,18644,True,2022-06-09T05:19:35+00:00,smoke-detection-iot-300-v1
18658,1654751989,20.417,53.76,1197,401,12913,19430,938.717,1.55,1.62,10.7,1.669,0.038,18658,True,2022-06-09T05:19:49+00:00,smoke-detection-iot-300-v1
18875,1654752206,20.735,50.42,1210,415,12906,19424,938.687,1.46,1.51,10.03,1.564,0.035,18875,True,2022-06-09T05:23:26+00:00,smoke-detection-iot-300-v1
18985,1654752316,20.792,47.52,1186,400,12921,19422,938.704,1.78,1.85,12.25,1.91,0.043,18985,True,2022-06-09T05:25:16+00:00,smoke-detection-iot-300-v1
19189,1654752520,20.679,53.39,1212,400,12916,19425,938.705,1.48,1.54,10.18,1.588,0.036,19189,True,2022-06-09T05:28:40+00:00,smoke-detection-iot-300-v1
19236,1654752567,20.61,50.96,1254,420,12914,19417,938.713,1.79,1.86,12.31,1.919,0.043,19236,True,2022-06-09T05:29:27+00:00,smoke-detection-iot-300-v1
19434,1654752765,20.118,53.7,1241,412,12922,19417,938.673,1.61,1.67,11.08,1.728,0.039,19434,True,2022-06-09T05:32:45+00:00,smoke-detection-iot-300-v1
19840,1654753171,17.965,52.38,1245,415,12920,19428,938.73,1.64,1.7,11.26,1.756,0.04,19840,True,2022-06-09T05:39:31+00:00,smoke-detection-iot-300-v1
20472,1654753803,11.105,48.12,1130,400,12975,19442,938.74,1.75,1.82,12.03,1.876,0.042,20472,True,2022-06-09T05:50:03+00:00,smoke-detection-iot-300-v1
20639,1654753970,8.704,52.63,933,400,13016,19489,938.716,2.67,2.78,18.4,2.869,0.065,20639,True,2022-06-09T05:52:50+00:00,smoke-detection-iot-300-v1
20785,1654754116,6.47,47.16,1245,400,12965,19417,938.692,1.89,1.97,13.04,2.034,0.046,20785,True,2022-06-09T05:55:16+00:00,smoke-detection-iot-300-v1
20820,1654754151,5.919,53.64,1272,400,12956,19413,938.721,1.95,2.02,13.4,2.089,0.047,20820,True,2022-06-09T05:55:51+00:00,smoke-detection-iot-300-v1
20843,1654754174,5.554,47.41,1323,402,12952,19409,938.695,1.98,2.06,13.65,2.129,0.048,20843,True,2022-06-09T05:56:14+00:00,smoke-detection-iot-300-v1
20914,1654754245,4.416,49.64,1404,437,12937,19387,938.701,1.99,2.07,13.71,2.139,0.048,20914,True,2022-06-09T05:57:25+00:00,smoke-detection-iot-300-v1
21453,1654754784,-4.505,49.02,1390,425,12951,19383,938.703,1.75,1.81,12.02,1.874,0.042,21453,True,2022-06-09T06:06:24+00:00,smoke-detection-iot-300-v1
21641,1654754972,-7.562,52.56,1318,410,12961,19403,938.718,2.37,2.46,16.3,2.542,0.057,21641,True,2022-06-09T06:09:32+00:00,smoke-detection-iot-300-v1
21850,1654755181,-10.804,49.11,1281,400,12969,19410,938.734,1.55,1.61,10.67,1.663,0.038,21850,True,2022-06-09T06:13:01+00:00,smoke-detection-iot-300-v1
22438,1654755769,-18.311,54.08,1329,401,12964,19395,938.742,1.7,1.76,11.69,1.823,0.041,22438,True,2022-06-09T06:22:49+00:00,smoke-detection-iot-300-v1
22506,1654755837,-18.965,50.47,1333,400,12978,19404,938.753,1.73,1.79,11.88,1.852,0.042,22506,True,2022-06-09T06:23:57+00:00,smoke-detection-iot-300-v1
22539,1654755870,-19.262,52.2,1373,420,12961,19384,938.757,1.93,2.01,13.29,2.073,0.047,22539,True,2022-06-09T06:24:30+00:00,smoke-detection-iot-300-v1
22614,1654755945,-19.888,53.88,1356,415,12962,19387,938.753,1.97,2.05,13.56,2.114,0.048,22614,True,2022-06-09T06:25:45+00:00,smoke-detection-iot-300-v1
22633,1654755964,-20.035,48.66,1320,400,12967,19393,938.765,1.94,2.01,13.33,2.078,0.047,22633,True,2022-06-09T06:26:04+00:00,smoke-detection-iot-300-v1
22789,1654756120,-21.059,53.61,1371,412,12968,19376,938.737,1.57,1.63,10.78,1.68,0.038,22789,True,2022-06-09T06:28:40+00:00,smoke-detection-iot-300-v1
23073,1654756404,-21.985,49.28,1444,429,12960,19364,938.697,1.79,1.86,12.32,1.921,0.043,23073,True,2022-06-09T06:33:24+00:00,smoke-detection-iot-300-v1
23105,1654756436,-22.006,51.09,1302,400,12981,19412,938.724,1.94,2.02,13.37,2.085,0.047,23105,True,2022-06-09T06:33:56+00:00,smoke-detection-iot-300-v1
23265,1654756596,-21.835,53.29,1358,406,12964,19382,938.709,1.96,2.03,13.47,2.101,0.047,23265,True,2022-06-09T06:36:36+00:00,smoke-detection-iot-300-v1
23396,1654756727,-21.331,54.12,1366,413,12965,19396,938.728,1.57,1.63,10.8,1.685,0.038,23396,True,2022-06-09T06:38:47+00:00,smoke-detection-iot-300-v1
23606,1654756937,-19.787,47.84,1350,400,12979,19390,938.721,1.63,1.69,11.22,1.749,0.04,23606,True,2022-06-09T06:42:17+00:00,smoke-detection-iot-300-v1
24306,1654757637,-7.023,50.29,1270,400,13002,19416,938.798,1.86,1.93,12.8,1.997,0.045,24306,True,2022-06-09T06:53:57+00:00,smoke-detection-iot-300-v1
24335,1654757666,-6.211,50.48,1346,400,12989,19395,938.799,2.05,2.13,14.11,2.2,0.05,24335,True,2022-06-09T06:54:26+00:00,smoke-detection-iot-300-v1
24358,1654757689,-5.548,53.97,1287,402,12995,19403,938.791,1.83,1.9,12.58,1.961,0.044,24358,True,2022-06-09T06:54:49+00:00,smoke-detection-iot-300-v1
24454,1654757785,-2.615,50.08,1402,433,12979,19378,938.803,1.99,2.07,13.72,2.139,0.048,24454,True,2022-06-09T06:56:25+00:00,smoke-detection-iot-300-v1
24905,1654758236,15.056,51.26,1237,400,12999,19414,938.849,1.58,1.64,10.87,1.694,0.038,24905,True,2022-06-09T07:03:56+00:00,smoke-detection-iot-300-v1
24970,1654758301,18.164,49.49,1272,401,12993,19411,938.866,1.78,1.85,12.28,1.915,0.043,24970,True,2022-06-09T07:05:01+00:00,smoke-detection-iot-300-v1
25398,1654761747,13.56,53.34,8,400,12726,19762,939.837,0.21,0.27,1.33,0.287,0.054,404,False,2022-06-09T08:02:27+00:00,smoke-detection-iot-300-v1
25722,1654762071,12.42,55.66,4,400,12921,19858,939.745,0.31,0.32,2.15,0.336,0.008,728,False,2022-06-09T08:07:51+00:00,smoke-detection-iot-300-v1
26620,1654762969,16.28,52.07,21,400,13117,20013,939.603,0.69,0.71,4.72,0.736,0.017,1626,False,2022-06-09T08:22:49+00:00,smoke-detection-iot-300-v1
26718,1654763067,18.55,49.73,9,400,13144,20053,939.614,0.55,0.57,3.76,0.586,0.013,1724,False,2022-06-09T08:24:27+00:00,smoke-detection-iot-300-v1
26981,1654763330,16.99,52.48,73,400,13106,19974,939.604,0.71,0.74,4.91,0.765,0.017,1987,False,2022-06-09T08:28:50+00:00,smoke-detection-iot-300-v1
27509,1654763858,18.16,51.95,62,400,13191,20115,939.616,0.97,1.01,6.68,1.041,0.024,2515,False,2022-06-09T08:37:38+00:00,smoke-detection-iot-300-v1
27726,1654764075,20.84,46.29,101,400,13188,20090,939.638,0.98,1.02,6.75,1.053,0.024,2732,False,2022-06-09T08:41:15+00:00,smoke-detection-iot-300-v1
27977,1654764326,18.86,49.61,183,400,13138,19988,939.651,0.92,0.96,6.33,0.987,0.022,2983,False,2022-06-09T08:45:26+00:00,smoke-detection-iot-300-v1
28052,1654764401,18.58,51.79,165,400,13162,20008,939.675,0.87,0.9,5.96,0.93,0.021,3058,False,2022-06-09T08:46:41+00:00,smoke-detection-iot-300-v1
28326,1654764675,22.22,56.04,237,400,13167,19984,939.654,2.41,2.5,16.58,2.585,0.058,3332,True,2022-06-09T08:51:15+00:00,smoke-detection-iot-300-v1
28814,1654765163,20.56,49.67,165,400,13203,20045,939.682,1.98,2.06,13.65,2.128,0.048,3820,True,2022-06-09T08:59:23+00:00,smoke-detection-iot-300-v1
28854,1654765203,22.4,47.03,163,400,13214,20050,939.668,2.07,2.16,14.28,2.227,0.05,3860,True,2022-06-09T09:00:03+00:00,smoke-detection-iot-300-v1
28874,1654765223,20.54,49.85,182,400,13203,20033,939.672,2.25,2.33,15.46,2.411,0.054,3880,True,2022-06-09T09:00:23+00:00,smoke-detection-iot-300-v1
28896,1654765245,19.95,52.94,177,400,13202,20040,939.68,2.2,2.29,15.14,2.361,0.053,3902,True,2022-06-09T09:00:45+00:00,smoke-detection-iot-300-v1
28915,1654765264,22.42,47.25,158,400,13210,20052,939.66,2.22,2.3,15.25,2.378,0.054,3921,True,2022-06-09T09:01:04+00:00,smoke-detection-iot-300-v1
29063,1654765412,20.06,52.82,123,400,13224,20093,939.622,2.14,2.23,14.74,2.299,0.052,4069,True,2022-06-09T09:03:32+00:00,smoke-detection-iot-300-v1
29070,1654765419,19.95,53.41,123,400,13229,20100,939.619,2.28,2.37,15.71,2.45,0.055,4076,True,2022-06-09T09:03:39+00:00,smoke-detection-iot-300-v1
29179,1654765528,20.16,52.37,86,400,13240,20124,939.639,2.35,2.44,16.14,2.517,0.057,4185,True,2022-06-09T09:05:28+00:00,smoke-detection-iot-300-v1
29274,1654765623,22.33,47.97,96,400,13227,20114,939.66,1.8,1.87,12.36,1.927,0.044,4280,True,2022-06-09T09:07:03+00:00,smoke-detection-iot-300-v1
29309,1654765658,19.92,53.58,108,400,13227,20103,939.647,2.1,2.18,14.45,2.253,0.051,4315,True,2022-06-09T09:07:38+00:00,smoke-detection-iot-300-v1
29405,1654765754,22.49,47.65,88,400,13244,20129,939.659,1.98,2.06,13.64,2.128,0.048,4411,True,2022-06-09T09:09:14+00:00,smoke-detection-iot-300-v1
29976,1654766325,20.92,54.93,28,400,13254,20191,939.701,2.06,2.14,14.16,2.208,0.05,4982,True,2022-06-09T09:18:45+00:00,smoke-detection-iot-300-v1
30295,1654766644,22.17,48.67,20,400,13254,20210,939.684,2.28,2.37,15.68,2.445,0.055,5301,True,2022-06-09T09:24:04+00:00,smoke-detection-iot-300-v1
30725,1654767074,20.61,49.23,62,400,13234,20191,939.687,2.47,2.56,16.98,2.649,0.06,5731,True,2022-06-09T09:31:14+00:00,smoke-detection-iot-300-v1
31394,1654767743,19.33,54.03,189,400,13156,20065,939.638,0.86,0.89,5.91,0.922,0.021,6400,True,2022-06-09T09:42:23+00:00,smoke-detection-iot-300-v1
31409,1654767758,18.96,55.63,194,400,13153,20073,939.641,0.78,0.81,5.36,0.835,0.019,6415,True,2022-06-09T09:42:38+00:00,smoke-detection-iot-300-v1
31649,1654767998,18.75,55.9,204,400,13147,20057,939.581,0.6,0.63,4.16,0.649,0.015,6655,True,2022-06-09T09:46:38+00:00,smoke-detection-iot-300-v1
31792,1654768141,21.18,49.92,200,400,13155,20061,939.625,0.53,0.55,3.61,0.564,0.013,6798,True,2022-06-09T09:49:01+00:00,smoke-detection-iot-300-v1
31801,1654768150,21.35,49.42,213,400,13140,20041,939.619,0.71,0.73,4.86,0.757,0.017,6807,True,2022-06-09T09:49:10+00:00,smoke-detection-iot-300-v1
32730,1654769079,18.86,53.27,299,400,13110,19971,939.397,0.38,0.4,2.63,0.411,0.009,7736,True,2022-06-09T10:04:39+00:00,smoke-detection-iot-300-v1
32877,1654769226,20.71,50.85,302,400,13111,19964,939.419,0.42,0.44,2.92,0.456,0.01,7883,True,2022-06-09T10:07:06+00:00,smoke-detection-iot-300-v1
32896,1654769245,18.79,53.6,310,400,13106,19958,939.407,0.31,0.32,2.12,0.33,0.007,7902,True,2022-06-09T10:07:25+00:00,smoke-detection-iot-300-v1
33002,1654769351,19.78,49.73,327,400,13094,19940,939.394,0.29,0.3,2.02,0.314,0.007,8008,True,2022-06-09T10:09:11+00:00,smoke-detection-iot-300-v1
33035,1654769384,20.48,52.33,303,400,13114,19961,939.385,0.28,0.29,1.95,0.305,0.007,8041,True,2022-06-09T10:09:44+00:00,smoke-detection-iot-300-v1
33340,1654769689,19.43,50.48,338,400,13088,19927,939.393,0.26,0.27,1.79,0.279,0.006,8346,True,2022-06-09T10:14:49+00:00,smoke-detection-iot-300-v1
33806,1654770155,18.36,57.26,362,400,13064,19894,939.272,0.44,0.46,3.04,0.475,0.011,8812,True,2022-06-09T10:22:35+00:00,smoke-detection-iot-300-v1
33957,1654770306,19.23,51.92,370,400,13050,19883,939.271,0.43,0.44,2.94,0.458,0.01,8963,True,2022-06-09T10:25:06+00:00,smoke-detection-iot-300-v1
34350,1654770699,19.95,62.87,621,554,12863,19637,939.246,2.5,2.6,17.21,2.683,0.061,9356,True,2022-06-09T10:31:39+00:00,smoke-detection-iot-300-v1
34388,1654770737,22.11,58.63,626,547,12865,19629,939.189,2.45,2.55,16.88,2.632,0.059,9394,True,2022-06-09T10:32:17+00:00,smoke-detection-iot-300-v1
34392,1654770741,22.25,58.09,621,544,12874,19632,939.193,2.67,2.78,18.39,2.867,0.065,9398,True,2022-06-09T10:32:21+00:00,smoke-detection-iot-300-v1
34396,1654770745,22.33,57.73,623,544,12877,19638,939.215,2.97,3.09,20.46,3.191,0.072,9402,True,2022-06-09T10:32:25+00:00,smoke-detection-iot-300-v1
34508,1654770857,22.86,57.21,676,682,12792,19581,939.175,2.38,2.47,16.37,2.553,0.058,9514,True,2022-06-09T10:34:17+00:00,smoke-detection-iot-300-v1
34615,1654770964,22.8,60.24,687,701,12782,19564,939.132,2.89,3.0,19.9,3.104,0.07,9621,True,2022-06-09T10:36:04+00:00,smoke-detection-iot-300-v1
34853,1654771202,23.41,57.22,689,822,12716,19567,939.133,2.46,2.55,16.9,2.635,0.06,9859,True,2022-06-09T10:40:02+00:00,smoke-detection-iot-300-v1
35386,1654771735,23.17,55.81,906,685,12785,19505,939.097,2.52,2.62,17.36,2.707,0.061,10392,True,2022-06-09T10:48:55+00:00,smoke-detection-iot-300-v1
35557,1654771906,23.63,54.58,954,686,12784,19492,939.096,2.25,2.34,15.48,2.415,0.055,10563,True,2022-06-09T10:51:46+00:00,smoke-detection-iot-300-v1
36027,1654772376,24.47,51.65,1055,664,12788,19467,939.097,2.33,2.42,16.06,2.504,0.057,11033,True,2022-06-09T10:59:36+00:00,smoke-detection-iot-300-v1
36526,1654772875,26.36,48.93,1025,605,12819,19471,939.057,1.85,1.92,12.71,1.983,0.045,11532,True,2022-06-09T11:07:55+00:00,smoke-detection-iot-300-v1
36752,1654773101,24.22,53.55,1051,610,12812,19464,939.082,2.02,2.09,13.87,2.164,0.049,11758,True,2022-06-09T11:11:41+00:00,smoke-detection-iot-300-v1
36771,1654773120,26.69,47.75,1051,599,12812,19465,939.084,1.95,2.03,13.42,2.092,0.047,11777,True,2022-06-09T11:12:00+00:00,smoke-detection-iot-300-v1
37457,1654773806,24.72,52.15,1099,566,12823,19452,939.015,2.2,2.29,15.17,2.365,0.053,12463,True,2022-06-09T11:23:26+00:00,smoke-detection-iot-300-v1
37665,1654774014,26.71,48.18,1088,556,12831,19467,938.978,1.96,2.04,13.52,2.109,0.048,12671,True,2022-06-09T11:26:54+00:00,smoke-detection-iot-300-v1
37711,1654774060,24.44,53.2,1096,569,12831,19456,938.965,1.76,1.83,12.09,1.885,0.043,12717,True,2022-06-09T11:27:40+00:00,smoke-detection-iot-300-v1
37733,1654774082,26.91,47.38,1082,557,12830,19457,938.963,2.03,2.11,13.98,2.179,0.049,12739,True,2022-06-09T11:28:02+00:00,smoke-detection-iot-300-v1
37797,1654774146,27.01,47.18,1011,538,12836,19472,938.938,2.14,2.22,14.7,2.292,0.052,12803,True,2022-06-09T11:29:06+00:00,smoke-detection-iot-300-v1
38287,1654774636,25.41,48.37,1159,555,12825,19431,938.918,1.71,1.77,11.75,1.833,0.041,13293,True,2022-06-09T11:37:16+00:00,smoke-detection-iot-300-v1
38502,1654774851,26.64,48.91,1086,502,12848,19456,938.873,1.94,2.01,13.35,2.081,0.047,13508,True,2022-06-09T11:40:51+00:00,smoke-detection-iot-300-v1
38703,1654775052,27.15,46.91,1128,495,12847,19456,938.884,2.13,2.21,14.64,2.282,0.052,13709,True,2022-06-09T11:44:12+00:00,smoke-detection-iot-300-v1
38705,1654775054,25.99,46.89,1216,529,12832,19428,938.879,2.13,2.21,14.67,2.287,0.052,13711,True,2022-06-09T11:44:14+00:00,smoke-detection-iot-300-v1
39130,1654775479,25.1,50.46,1155,500,12853,19447,938.907,1.86,1.93,12.78,1.993,0.045,14136,True,2022-06-09T11:51:19+00:00,smoke-detection-iot-300-v1
39155,1654775504,25.7,53.46,1088,468,12869,19475,938.9,1.72,1.79,11.86,1.85,0.042,14161,True,2022-06-09T11:51:44+00:00,smoke-detection-iot-300-v1
39360,1654775709,27.11,47.07,1140,470,12860,19444,938.904,1.84,1.91,12.68,1.977,0.045,14366,True,2022-06-09T11:55:09+00:00,smoke-detection-iot-300-v1
39415,1654775764,27.01,47.29,1141,477,12860,19439,938.898,1.63,1.7,11.23,1.751,0.04,14421,True,2022-06-09T11:56:04+00:00,smoke-detection-iot-300-v1
39442,1654775791,24.66,52.83,1159,480,12854,19438,938.911,1.95,2.03,13.42,2.092,0.047,14448,True,2022-06-09T11:56:31+00:00,smoke-detection-iot-300-v1
39699,1654776048,26.43,50.38,1082,449,12864,19453,938.887,1.48,1.54,10.21,1.593,0.036,14705,True,2022-06-09T12:00:48+00:00,smoke-detection-iot-300-v1
39730,1654776079,25.12,50.54,1117,454,12862,19440,938.826,1.75,1.82,12.06,1.88,0.042,14736,True,2022-06-09T12:01:19+00:00,smoke-detection-iot-300-v1
39825,1654776174,26.74,48.32,1140,450,12870,19450,938.841,1.91,1.98,13.14,2.05,0.046,14831,True,2022-06-09T12:02:54+00:00,smoke-detection-iot-300-v1
39882,1654776231,26.6,49.02,1107,445,12868,19451,938.811,2.04,2.12,14.03,2.188,0.049,14888,True,2022-06-09T12:03:51+00:00,smoke-detection-iot-300-v1
40055,1654776404,25.67,53.63,996,415,12881,19472,938.81,1.95,2.03,13.45,2.097,0.047,15061,True,2022-06-09T12:06:44+00:00,smoke-detection-iot-300-v1
40373,1654776722,26.96,47.53,1151,422,12874,19442,938.826,1.72,1.79,11.85,1.848,0.042,15379,True,2022-06-09T12:12:02+00:00,smoke-detection-iot-300-v1
40936,1654777285,24.79,52.43,1159,415,12884,19442,938.768,1.91,1.98,13.14,2.049,0.046,15942,True,2022-06-09T12:21:25+00:00,smoke-detection-iot-300-v1
41026,1654777375,26.78,48.3,1130,401,12886,19450,938.779,1.86,1.93,12.81,1.997,0.045,16032,True,2022-06-09T12:22:55+00:00,smoke-detection-iot-300-v1
41610,1654777959,24.51,53.57,1186,416,12882,19429,938.776,1.75,1.82,12.07,1.881,0.042,16616,True,2022-06-09T12:32:39+00:00,smoke-detection-iot-300-v1
41683,1654778032,26.64,48.98,1055,400,12899,19463,938.778,2.08,2.17,14.34,2.237,0.051,16689,True,2022-06-09T12:33:52+00:00,smoke-detection-iot-300-v1
41849,1654778198,24.48,53.61,1122,406,12888,19445,938.749,1.71,1.77,11.75,1.832,0.041,16855,True,2022-06-09T12:36:38+00:00,smoke-detection-iot-300-v1
42044,1654778393,26.69,48.78,1140,400,12895,19438,938.789,2.06,2.14,14.17,2.209,0.05,17050,True,2022-06-09T12:39:53+00:00,smoke-detection-iot-300-v1
42246,1654778595,25.55,47.94,1212,420,12887,19425,938.792,1.59,1.65,10.95,1.708,0.039,17252,True,2022-06-09T12:43:15+00:00,smoke-detection-iot-300-v1
42504,1654778853,24.59,53.36,1130,401,12895,19445,938.736,1.68,1.75,11.56,1.803,0.041,17510,True,2022-06-09T12:47:33+00:00,smoke-detection-iot-300-v1
42660,1654779009,27.11,47.43,1117,400,12908,19447,938.727,1.72,1.78,11.81,1.842,0.042,17666,True,2022-06-09T12:50:09+00:00,smoke-detection-iot-300-v1
42710,1654779059,26.88,48.06,1138,409,12906,19444,938.706,1.69,1.76,11.65,1.817,0.041,17716,True,2022-06-09T12:50:59+00:00,smoke-detection-iot-300-v1
42726,1654779075,25.54,48.06,1216,414,12895,19424,938.712,1.4,1.45,9.62,1.5,0.034,17732,True,2022-06-09T12:51:15+00:00,smoke-detection-iot-300-v1
42785,1654779134,25.95,47.27,1117,410,12895,19444,938.721,1.87,1.94,12.84,2.002,0.045,17791,True,2022-06-09T12:52:14+00:00,smoke-detection-iot-300-v1
43283,1654779632,24.61,53.27,1182,416,12907,19436,938.684,1.7,1.77,11.71,1.826,0.041,18289,True,2022-06-09T13:00:32+00:00,smoke-detection-iot-300-v1
43346,1654779695,24.57,53.49,1187,407,12909,19430,938.755,1.45,1.51,9.97,1.555,0.035,18352,True,2022-06-09T13:01:35+00:00,smoke-detection-iot-300-v1
43422,1654779771,26.61,49.37,1228,400,12913,19421,938.703,1.69,1.75,11.61,1.81,0.041,18428,True,2022-06-09T13:02:51+00:00,smoke-detection-iot-300-v1
43460,1654779809,24.68,53.01,1201,407,12907,19415,938.743,1.59,1.65,10.91,1.701,0.038,18466,True,2022-06-09T13:03:29+00:00,smoke-detection-iot-300-v1
43496,1654779845,27.02,47.61,1191,408,12912,19436,938.742,1.7,1.77,11.7,1.825,0.041,18502,True,2022-06-09T13:04:05+00:00,smoke-detection-iot-300-v1
44621,1654780970,26.48,49.88,1145,400,12932,19447,938.698,1.7,1.77,11.73,1.829,0.041,19627,True,2022-06-09T13:22:50+00:00,smoke-detection-iot-300-v1
44643,1654780992,27.11,47.5,1212,409,12922,19429,938.7,1.54,1.6,10.62,1.656,0.037,19649,True,2022-06-09T13:23:12+00:00,smoke-detection-iot-300-v1
44657,1654781006,24.72,52.82,1231,416,12918,19420,938.715,1.44,1.5,9.91,1.545,0.035,19663,True,2022-06-09T13:23:26+00:00,smoke-detection-iot-300-v1
45174,1654781523,26.95,46.68,919,400,13026,19502,938.751,2.09,2.18,14.41,2.248,0.051,20180,True,2022-06-09T13:32:03+00:00,smoke-detection-iot-300-v1
45220,1654781569,26.4,50.06,1117,400,12958,19449,938.731,2.09,2.17,14.39,2.243,0.051,20226,True,2022-06-09T13:32:49+00:00,smoke-detection-iot-300-v1
45260,1654781609,24.55,53.53,1333,425,12924,19397,938.748,1.45,1.51,10.01,1.562,0.035,20266,True,2022-06-09T13:33:29+00:00,smoke-detection-iot-300-v1
45731,1654782080,24.92,50.6,1226,400,12971,19423,938.704,2.4,2.49,16.49,2.572,0.058,20737,True,2022-06-09T13:41:20+00:00,smoke-detection-iot-300-v1
45824,1654782173,26.63,48.65,1220,400,12958,19419,938.69,2.33,2.42,16.01,2.497,0.056,20830,True,2022-06-09T13:42:53+00:00,smoke-detection-iot-300-v1
45858,1654782207,24.64,52.65,1366,417,12947,19383,938.694,1.93,2.01,13.31,2.075,0.047,20864,True,2022-06-09T13:43:27+00:00,smoke-detection-iot-300-v1
46318,1654782667,26.95,47.66,1281,400,12958,19402,938.696,1.98,2.05,13.61,2.122,0.048,21324,True,2022-06-09T13:51:07+00:00,smoke-detection-iot-300-v1
46658,1654783007,26.22,51.56,1289,400,12971,19402,938.727,2.41,2.5,16.56,2.582,0.058,21664,True,2022-06-09T13:56:47+00:00,smoke-detection-iot-300-v1
46681,1654783030,26.99,47.61,1289,400,12959,19395,938.708,2.47,2.56,16.98,2.647,0.06,21687,True,2022-06-09T13:57:10+00:00,smoke-detection-iot-300-v1
46836,1654783185,25.89,53.37,1241,400,12978,19411,938.728,1.45,1.51,10.01,1.561,0.035,21842,True,2022-06-09T13:59:45+00:00,smoke-detection-iot-300-v1
47053,1654783402,24.85,52.19,1413,421,12960,19384,938.728,1.86,1.93,12.79,1.995,0.045,22059,True,2022-06-09T14:03:22+00:00,smoke-detection-iot-300-v1
47924,1654784273,26.57,49.22,1310,400,12984,19413,938.735,1.74,1.81,11.96,1.865,0.042,22930,True,2022-06-09T14:17:53+00:00,smoke-detection-iot-300-v1
48015,1654784364,24.72,52.73,1375,413,12970,19396,938.714,1.95,2.03,13.44,2.095,0.047,23021,True,2022-06-09T14:19:24+00:00,smoke-detection-iot-300-v1
48038,1654784387,26.22,51.71,1329,400,12977,19405,938.705,1.85,1.93,12.76,1.99,0.045,23044,True,2022-06-09T14:19:47+00:00,smoke-detection-iot-300-v1
48084,1654784433,24.47,53.73,1366,408,12967,19383,938.716,2.13,2.21,14.63,2.281,0.052,23090,True,2022-06-09T14:20:33+00:00,smoke-detection-iot-300-v1
48271,1654784620,24.37,54.11,1415,413,12967,19378,938.725,1.85,1.93,12.75,1.989,0.045,23277,True,2022-06-09T14:23:40+00:00,smoke-detection-iot-300-v1
48574,1654784923,24.31,54.29,1379,406,12971,19385,938.733,1.81,1.88,12.44,1.939,0.044,23580,True,2022-06-09T14:28:43+00:00,smoke-detection-iot-300-v1
48611,1654784960,24.89,51.73,1367,407,12967,19374,938.708,1.53,1.59,10.52,1.64,0.037,23617,True,2022-06-09T14:29:20+00:00,smoke-detection-iot-300-v1
49022,1654785371,27.01,47.69,1320,400,12998,19404,938.774,1.56,1.62,10.76,1.678,0.038,24028,True,2022-06-09T14:36:11+00:00,smoke-detection-iot-300-v1
49265,1654785614,25.81,47.13,1262,400,12998,19405,938.783,2.25,2.33,15.46,2.41,0.054,24271,True,2022-06-09T14:40:14+00:00,smoke-detection-iot-300-v1
49385,1654785734,25.84,47.53,1431,435,12976,19374,938.781,2.11,2.2,14.54,2.268,0.051,24391,True,2022-06-09T14:42:14+00:00,smoke-detection-iot-300-v1
49633,1654785982,24.76,52.37,1253,401,12990,19409,938.82,2.32,2.41,15.98,2.492,0.056,24639,True,2022-06-09T14:46:22+00:00,smoke-detection-iot-300-v1
50414,1654903431,39.62,16.02,0,4742,12336,20106,930.943,8.09,8.4,55.66,8.679,0.196,426,True,2022-06-10T23:23:51+00:00,smoke-detection-iot-300-v1
50420,1654903437,39.99,15.63,108,9238,12036,19995,930.967,8.19,8.51,56.35,8.787,0.198,432,True,2022-06-10T23:23:57+00:00,smoke-detection-iot-300-v1
50750,1654903767,37.02,15.75,0,1364,12881,20742,930.89,1.09,1.13,7.5,1.17,0.026,762,True,2022-06-10T23:29:27+00:00,smoke-detection-iot-300-v1
51080,1654904097,32.27,17.89,0,400,13461,21055,930.907,1.07,1.11,7.38,1.151,0.026,1092,True,2022-06-10T23:34:57+00:00,smoke-detection-iot-300-v1
51135,1654904152,31.82,17.28,0,746,13137,20961,930.934,1.08,1.12,7.4,1.155,0.026,1147,True,2022-06-10T23:35:52+00:00,smoke-detection-iot-300-v1
51430,1654712475,29.74,39.43,33,400,12837,20750,937.589,1.9,1.98,13.09,2.041,0.046,288,False,2022-06-08T18:21:15+00:00,smoke-detection-iot-300-v1
51620,1654712665,27.18,43.8,67,410,12827,20700,937.533,2.18,2.27,15.02,2.342,0.053,478,False,2022-06-08T18:24:25+00:00,smoke-detection-iot-300-v1
51780,1654712825,29.2,40.76,63,419,12809,20701,937.501,2.15,2.24,14.82,2.311,0.052,638,False,2022-06-08T18:27:05+00:00,smoke-detection-iot-300-v1
52135,1654713180,28.79,41.73,72,400,12795,20682,937.535,2.22,2.31,15.28,2.383,0.054,993,False,2022-06-08T18:33:00+00:00,smoke-detection-iot-300-v1
52650,1654713695,26.13,46.92,96,400,12782,20630,937.423,1.81,1.88,12.46,1.944,0.044,1508,False,2022-06-08T18:41:35+00:00,smoke-detection-iot-300-v1
52733,1654713778,28.45,42.61,80,400,12791,20641,937.408,1.73,1.79,11.87,1.852,0.042,1591,False,2022-06-08T18:42:58+00:00,smoke-detection-iot-300-v1
52810,1654713855,28.93,41.12,62,400,12798,20655,937.39,1.72,1.78,11.81,1.842,0.042,1668,False,2022-06-08T18:44:15+00:00,smoke-detection-iot-300-v1
52835,1654713880,25.96,47.41,122,407,12777,20605,937.379,1.98,2.06,13.66,2.13,0.048,1693,False,2022-06-08T18:44:40+00:00,smoke-detection-iot-300-v1
52906,1654713951,27.64,46.91,73,400,12801,20655,937.377,1.88,1.95,12.95,2.02,0.046,1764,False,2022-06-08T18:45:51+00:00,smoke-detection-iot-300-v1
52964,1654714009,25.74,48.04,148,411,12776,20577,937.419,2.17,2.26,14.96,2.333,0.053,1822,False,2022-06-08T18:46:49+00:00,smoke-detection-iot-300-v1
52992,1654714037,28.9,41.19,151,400,12782,20569,937.433,1.62,1.69,11.17,1.742,0.039,1850,False,2022-06-08T18:47:17+00:00,smoke-detection-iot-300-v1
53112,1654714157,28.86,41.24,129,404,12788,20596,937.352,2.03,2.11,13.98,2.18,0.049,1970,False,2022-06-08T18:49:17+00:00,smoke-detection-iot-300-v1
53231,1654714276,28.84,41.34,125,404,12786,20600,937.34,1.88,1.95,12.93,2.017,0.046,2089,False,2022-06-08T18:51:16+00:00,smoke-detection-iot-300-v1
53251,1654714296,25.98,47.42,117,413,12781,20604,937.357,1.61,1.67,11.05,1.723,0.039,2109,False,2022-06-08T18:51:36+00:00,smoke-detection-iot-300-v1
53652,1654714697,28.86,41.98,161,429,12774,20555,937.321,1.81,1.88,12.46,1.943,0.044,2510,False,2022-06-08T18:58:17+00:00,smoke-detection-iot-300-v1
53692,1654714737,28.27,44.0,152,419,12776,20566,937.324,1.83,1.9,12.59,1.963,0.044,2550,False,2022-06-08T18:58:57+00:00,smoke-detection-iot-300-v1
54046,1654715091,27.6,48.06,156,400,12786,20562,937.409,1.74,1.8,11.95,1.864,0.042,2904,False,2022-06-08T19:04:51+00:00,smoke-detection-iot-300-v1
54150,1654715195,25.99,48.33,181,431,12774,20549,937.341,1.9,1.97,13.07,2.038,0.046,3008,False,2022-06-08T19:06:35+00:00,smoke-detection-iot-300-v1
54354,1654715399,28.38,43.69,190,412,12776,20518,937.335,1.73,1.79,11.88,1.853,0.042,3212,False,2022-06-08T19:09:59+00:00,smoke-detection-iot-300-v1
54442,1654715487,26.39,47.0,205,441,12763,20513,937.411,1.66,1.72,11.41,1.78,0.04,3300,False,2022-06-08T19:11:27+00:00,smoke-detection-iot-300-v1
54736,1654715781,26.47,39.36,0,400,13235,21226,937.46,1.8,1.87,12.36,1.927,0.044,3594,False,2022-06-08T19:16:21+00:00,smoke-detection-iot-300-v1
55368,1654716413,41.69,35.18,10136,400,12858,19296,936.86,0.44,0.46,3.04,0.473,0.011,4226,False,2022-06-08T19:26:53+00:00,smoke-detection-iot-300-v1
55564,1654716609,49.95,24.31,21060,653,12679,18931,936.897,0.73,0.75,4.99,0.778,0.018,4422,False,2022-06-08T19:30:09+00:00,smoke-detection-iot-300-v1
55657,1654716702,51.4,23.49,31413,711,12651,18766,936.919,0.62,0.64,4.24,0.661,0.015,4515,False,2022-06-08T19:31:42+00:00,smoke-detection-iot-300-v1
55898,1654716943,42.14,19.57,0,400,13585,21185,936.804,0.91,0.95,6.29,0.981,0.022,4756,False,2022-06-08T19:35:43+00:00,smoke-detection-iot-300-v1
56004,1654717049,43.74,32.63,60000,1420,12279,18153,936.862,35.49,36.88,244.28,38.092,0.86,4862,False,2022-06-08T19:37:29+00:00,smoke-detection-iot-300-v1
56073,1654717118,46.7,27.66,60000,8948,11424,16745,936.867,2962.12,3077.53,20387.05,3179.117,71.805,4931,False,2022-06-08T19:38:38+00:00,smoke-detection-iot-300-v1
56551,1654717596,54.69,12.49,9636,400,13251,19398,936.698,0.84,0.88,5.81,0.907,0.02,5409,False,2022-06-08T19:46:36+00:00,smoke-detection-iot-300-v1
56850,1654717895,44.39,17.02,559,400,13771,20631,936.69,0.81,0.84,5.55,0.865,0.02,5708,False,2022-06-08T19:51:35+00:00,smoke-detection-iot-300-v1
56885,1654717930,44.28,16.52,643,400,13696,20543,936.676,0.57,0.59,3.9,0.607,0.014,5743,False,2022-06-08T19:52:10+00:00,smoke-detection-iot-300-v1
57318,1655124740,23.542,45.86,62,400,12833,20713,937.503,1.68,1.74,11.54,1.8,0.041,432,False,2022-06-13T12:52:20+00:00,smoke-detection-iot-300-v1
58013,1655125435,-7.903,40.79,108,400,12786,20636,937.49,1.59,1.65,10.93,1.704,0.038,1127,False,2022-06-13T13:03:55+00:00,smoke-detection-iot-300-v1
58048,1655125470,-8.542,47.59,122,402,12778,20619,937.462,1.93,2.0,13.26,2.068,0.047,1162,False,2022-06-13T13:04:30+00:00,smoke-detection-iot-300-v1
58260,1655125682,-8.648,41.77,107,424,12771,20619,937.454,1.84,1.91,12.68,1.977,0.045,1374,False,2022-06-13T13:08:02+00:00,smoke-detection-iot-300-v1
58420,1655125842,-6.413,41.97,79,400,12791,20641,937.401,2.13,2.21,14.65,2.284,0.052,1534,False,2022-06-13T13:10:42+00:00,smoke-detection-iot-300-v1
58563,1655125985,-4.544,44.51,85,415,12784,20635,937.394,1.89,1.96,12.99,2.025,0.046,1677,False,2022-06-13T13:13:05+00:00,smoke-detection-iot-300-v1
58650,1655126072,-4.09,46.91,73,400,12801,20655,937.377,1.88,1.95,12.95,2.02,0.046,1764,False,2022-06-13T13:14:32+00:00,smoke-detection-iot-300-v1
58882,1655126304,-4.992,47.92,124,415,12782,20594,937.336,1.96,2.04,13.5,2.105,0.048,1996,False,2022-06-13T13:18:24+00:00,smoke-detection-iot-300-v1
59162,1655126584,-3.419,44.19,133,418,12781,20577,937.324,1.81,1.88,12.45,1.941,0.044,2276,False,2022-06-13T13:23:04+00:00,smoke-detection-iot-300-v1
59435,1655126857,7.347,44.27,168,427,12776,20559,937.331,1.85,1.92,12.72,1.983,0.045,2549,False,2022-06-13T13:27:37+00:00,smoke-detection-iot-300-v1
59517,1655126939,11.323,42.03,152,424,12777,20562,937.365,2.08,2.16,14.28,2.227,0.05,2631,False,2022-06-13T13:28:59+00:00,smoke-detection-iot-300-v1
59930,1655127352,20.533,42.51,186,428,12768,20529,937.341,1.79,1.86,12.33,1.922,0.043,3044,False,2022-06-13T13:35:52+00:00,smoke-detection-iot-300-v1
59937,1655127359,20.468,42.2,181,423,12774,20538,937.348,1.56,1.62,10.73,1.673,0.038,3051,False,2022-06-13T13:35:59+00:00,smoke-detection-iot-300-v1
60261,1655127683,14.391,49.31,232,450,12763,20485,937.452,1.74,1.81,11.98,1.868,0.042,3375,False,2022-06-13T13:41:23+00:00,smoke-detection-iot-300-v1
60652,1655128074,12.612,38.33,0,400,13444,21295,937.395,1.79,1.86,12.31,1.92,0.043,3766,False,2022-06-13T13:47:54+00:00,smoke-detection-iot-300-v1
60931,1655128353,16.584,59.68,2534,400,13354,19985,936.928,0.95,0.99,6.55,1.022,0.023,4045,False,2022-06-13T13:52:33+00:00,smoke-detection-iot-300-v1
61394,1655128816,19.345,22.67,29991,713,12650,18790,936.938,0.88,0.92,6.08,0.948,0.021,4508,False,2022-06-13T14:00:16+00:00,smoke-detection-iot-300-v1
61397,1655128819,19.278,22.89,30331,696,12654,18788,936.931,0.76,0.79,5.21,0.813,0.018,4511,False,2022-06-13T14:00:19+00:00,smoke-detection-iot-300-v1
61487,1655128909,16.416,18.13,54715,1016,12494,18393,936.913,0.85,0.89,5.87,0.916,0.021,4601,False,2022-06-13T14:01:49+00:00,smoke-detection-iot-300-v1
61658,1655129080,6.746,18.38,0,400,13607,21255,936.807,1.17,1.21,8.03,1.253,0.028,4772,False,2022-06-13T14:04:40+00:00,smoke-detection-iot-300-v1
61721,1655129143,2.335,27.62,16640,400,12861,19039,936.85,24.38,25.33,167.81,26.168,0.591,4835,False,2022-06-13T14:05:43+00:00,smoke-detection-iot-300-v1
61748,1655129170,0.387,32.63,60000,1420,12279,18153,936.862,35.49,36.88,244.28,38.092,0.86,4862,False,2022-06-13T14:06:10+00:00,smoke-detection-iot-300-v1
61755,1655129177,-0.12,31.24,60000,1660,12191,18012,936.878,225.18,233.95,1549.82,241.676,5.458,4869,False,2022-06-13T14:06:17+00:00,smoke-detection-iot-300-v1
61935,1655129357,-12.598,24.55,60000,13183,11209,16086,936.846,1074.1,1338.02,6834.65,1418.372,241.593,5049,False,2022-06-13T14:09:17+00:00,smoke-detection-iot-300-v1
62133,1655129555,-21.292,11.57,60000,8887,11420,16856,936.755,1124.89,1312.62,7380.66,1379.394,166.943,5247,False,2022-06-13T14:12:35+00:00,smoke-detection-iot-300-v1
62263,1655129685,-21.31,11.06,9567,400,13227,19402,936.715,25.6,26.6,176.2,27.477,0.621,5377,False,2022-06-13T14:14:45+00:00,smoke-detection-iot-300-v1
62500,1655129922,-3.324,13.7,1373,400,13663,20323,936.685,0.71,0.74,4.91,0.766,0.017,5614,False,2022-06-13T14:18:42+00:00,smoke-detection-iot-300-v1
