source_row,recorded_at,fire_alarm,predicted_fire_alarm,model_score_alarm_uncalibrated,threshold
43422,2022-06-09T13:02:51+00:00,True,True,0.7673815324611708,0.3
43460,2022-06-09T13:03:29+00:00,True,True,0.7936767469309529,0.3
43496,2022-06-09T13:04:05+00:00,True,True,0.767544445150453,0.3
44621,2022-06-09T13:22:50+00:00,True,True,0.7674965851517396,0.3
44643,2022-06-09T13:23:12+00:00,True,True,0.7604731705996026,0.3
44657,2022-06-09T13:23:26+00:00,True,True,0.787499558996628,0.3
45174,2022-06-09T13:32:03+00:00,True,True,0.7488441620709003,0.3
45220,2022-06-09T13:32:49+00:00,True,True,0.7792328296622374,0.3
45260,2022-06-09T13:33:29+00:00,True,True,0.7865412951170118,0.3
45731,2022-06-09T13:41:20+00:00,True,True,0.7988255158495041,0.3
45824,2022-06-09T13:42:53+00:00,True,True,0.7697375152448666,0.3
45858,2022-06-09T13:43:27+00:00,True,True,0.7944436016927944,0.3
46318,2022-06-09T13:51:07+00:00,True,True,0.7610438331166463,0.3
46658,2022-06-09T13:56:47+00:00,True,True,0.7893239881559151,0.3
46681,2022-06-09T13:57:10+00:00,True,True,0.7737369962085295,0.3
46836,2022-06-09T13:59:45+00:00,True,True,0.7598333975738422,0.3
47053,2022-06-09T14:03:22+00:00,True,True,0.7924754021192602,0.3
47924,2022-06-09T14:17:53+00:00,True,True,0.7571371811366472,0.3
48015,2022-06-09T14:19:24+00:00,True,True,0.7936517818200729,0.3
48038,2022-06-09T14:19:47+00:00,True,True,0.7729000542789374,0.3
48084,2022-06-09T14:20:33+00:00,True,True,0.7972427804788432,0.3
48271,2022-06-09T14:23:40+00:00,True,True,0.7924754021192602,0.3
48574,2022-06-09T14:28:43+00:00,True,True,0.7928643833138055,0.3
48611,2022-06-09T14:29:20+00:00,True,True,0.7835784776532002,0.3
49022,2022-06-09T14:36:11+00:00,True,True,0.7506639643686069,0.3
49265,2022-06-09T14:40:14+00:00,True,True,0.772165197491264,0.3
49385,2022-06-09T14:42:14+00:00,True,True,0.7716090746198166,0.3
49633,2022-06-09T14:46:22+00:00,True,True,0.8025069061586003,0.3
50414,2022-06-10T23:23:51+00:00,True,False,0.23999040642336433,0.3
50420,2022-06-10T23:23:57+00:00,True,False,0.2328799244576426,0.3
50750,2022-06-10T23:29:27+00:00,True,False,0.18436405673485753,0.3
51080,2022-06-10T23:34:57+00:00,True,False,0.17076919391386858,0.3
51135,2022-06-10T23:35:52+00:00,True,False,0.1902007885778459,0.3
57318,2022-06-13T12:52:20+00:00,False,False,0.21207782271276415,0.3
58013,2022-06-13T13:03:55+00:00,False,True,0.40821783903075715,0.3
58048,2022-06-13T13:04:30+00:00,False,True,0.43760464518855274,0.3
58260,2022-06-13T13:08:02+00:00,False,True,0.4213068383887679,0.3
58420,2022-06-13T13:10:42+00:00,False,True,0.4128737205705793,0.3
58563,2022-06-13T13:13:05+00:00,False,True,0.40164657384618224,0.3
58650,2022-06-13T13:14:32+00:00,False,True,0.4095011557096519,0.3
58882,2022-06-13T13:18:24+00:00,False,True,0.4198493730824407,0.3
59162,2022-06-13T13:23:04+00:00,False,True,0.38377300701474404,0.3
59435,2022-06-13T13:27:37+00:00,False,True,0.3212865111856057,0.3
59517,2022-06-13T13:28:59+00:00,False,False,0.2900448617482852,0.3
59930,2022-06-13T13:35:52+00:00,False,False,0.23964235981506954,0.3
59937,2022-06-13T13:35:59+00:00,False,False,0.23952331612302757,0.3
60261,2022-06-13T13:41:23+00:00,False,True,0.31796644458183326,0.3
60652,2022-06-13T13:47:54+00:00,False,False,0.29051910796270913,0.3
60931,2022-06-13T13:52:33+00:00,False,True,0.40477115017700865,0.3
61394,2022-06-13T14:00:16+00:00,False,False,0.2829605900960664,0.3
61397,2022-06-13T14:00:19+00:00,False,False,0.2851965586175906,0.3
61487,2022-06-13T14:01:49+00:00,False,False,0.2841270059224159,0.3
61658,2022-06-13T14:04:40+00:00,False,False,0.23572092653543678,0.3
61721,2022-06-13T14:05:43+00:00,False,True,0.432423555324529,0.3
61748,2022-06-13T14:06:10+00:00,False,True,0.3850958188437452,0.3
61755,2022-06-13T14:06:17+00:00,False,True,0.38704835390307635,0.3
61935,2022-06-13T14:09:17+00:00,False,True,0.4071620785100472,0.3
62133,2022-06-13T14:12:35+00:00,False,True,0.4070187360419862,0.3
62263,2022-06-13T14:14:45+00:00,False,True,0.48502562412826783,0.3
62500,2022-06-13T14:18:42+00:00,False,True,0.3419325443508802,0.3
